<?xml version="1.0" encoding="UTF-8"?>
<OfficeApp xmlns="http://schemas.microsoft.com/office/appforoffice/1.1"
           xmlns:xsi="http://www.w3.org/2001/XMLSchema-instance"
           xmlns:bt="http://schemas.microsoft.com/office/officeappbasictypes/1.0"
           xmlns:ov="http://schemas.microsoft.com/office/taskpaneappversionoverrides"
           xsi:type="TaskPaneApp">
  <Id>12345678-1234-1234-1234-123456789abc</Id>
  <Version>1.0.0.0</Version>
  <ProviderName>Custom Web Viewer</ProviderName>
  <DefaultLocale>en-US</DefaultLocale>
  <DisplayName DefaultValue="Custom Web Viewer"/>
  <Description DefaultValue="Embed a live webpage in PowerPoint."/>
  <IconUrl DefaultValue="https://localhost:3000/assets/icon-32.png"/>
  <SupportUrl DefaultValue="https://localhost:3000/support"/>
  <AppDomains>
    <AppDomain>https://localhost:3000</AppDomain>
  </AppDomains>
  <Hosts>
    <Host Name="Presentation"/>
  </Hosts>
  <DefaultSettings>
    <SourceLocation DefaultValue="https://localhost:3000/webviewer/taskpane.html"/>
  </DefaultSettings>
  <Permissions>ReadWriteDocument</Permissions>
</OfficeApp>
